{"user_id": "USER_489c5493", "user_input": {"Idea Name": "Computer vision for automated monitoring via satellite and CCTV feeds", "Domain": "public_services", "fundingSource": "govt", "Expected benefits": "NA", "Idea Description": "Use AI to analyze satellite images for encroachment/forest loss, detect potholes or traffic violations via CCTV, and monitor construction progress,", "potential Challenges": "NA"}, "similar_cases": [{"case_id": "I#20250055", "case_name": "Computer vision for automated monitoring via satellite and CCTV feeds", "final_score": 1.0, "similarity_score": 1.0, "reranked_score": 1.0, "domain": "Industry & Infrastructure", "description": "An automated system that employs advanced analytics and machine learning to monitor activities and track performance metrics in real-time, delivering improved performance in industry & infrastructure management.", "similarity_scores": {"semantic": 1.0, "field_score": 1.0, "bm25": 1.0, "ngram": 1.0}, "case_specific_weights": {"semantic": 0.29907302089842597, "field_score": 0.23139993942344417, "bm25": 0.2778729682395406, "ngram": 0.19165407143858926}}], "case_analysis": {"timestamp": "2026-03-11T10:43:52.870031", "query_features": {"text_length": 29, "unique_words": 24, "sentence_count": 1, "type_token_ratio": 0.8275862068965517, "avg_word_length": 6.655172413793103, "specificity": 0.8799999648000014, "keyword_density": 0.8620689655172413, "technical_density": 0.034482758620689655, "has_examples": false, "has_imperatives": false, "abstract_score": 0.0, "concrete_score": 0.0}, "sample_size": 55, "sample_indices": [0, 1, 2, 3, 4, 5, 6, 7, 8, 9, 10, 11, 12, 13, 14, 15, 16, 17, 18, 19, 20, 21, 22, 23, 24, 25, 26, 27, 28, 29, 30, 31, 32, 33, 34, 35, 36, 37, 38, 39, 40, 41, 42, 43, 44, 45, 46, 47, 48, 49, 50, 51, 52, 53, 54], "method_effectiveness_scores": {"semantic": 0.3342552214860916, "field_score": 0.12408848879665033, "bm25": 0.2350815181351277, "ngram": 0.029162154023344797}, "computed_weights": {"semantic": 0.29907302089842597, "field_score": 0.23139993942344417, "bm25": 0.2778729682395406, "ngram": 0.19165407143858926}, "effectiveness_metrics": {"semantic": {"variance_score": 0.1474958062171936, "stdev_score": 0.3643435537815094, "discrimination_power": 0.42897355556488037, "confidence_spread": 0.4099135100841522}, "field_score": {"variance_score": 0.03925030471138807, "stdev_score": 0.18795019084919617, "discrimination_power": 0.2087440044780154, "confidence_spread": 0.050103882535540545}, "bm25": {"variance_score": 0.18171154381434323, "stdev_score": 0.4044012727884383, "discrimination_power": 0.3158265403353943, "confidence_spread": 0.06898655788911595}, "ngram": {"variance_score": 0.004350109498350354, "stdev_score": 0.06257074834549542, "discrimination_power": 0.029793167364538135, "confidence_spread": 0.04841389696737447}}, "explanation": ["CORPUS-AWARE PER-CASE WEIGHT COMPUTATION", "==================================================", "", "Query Analysis (LENGTH: 29 words):", "  - Specificity: 0.88", "  - Keyword density: 0.86", "  - Technical density: 0.03", "  - Abstractness level: 0.00", "", "Corpus Sample Evaluation (SIZE: 55 cases):", "", "Method Effectiveness \u2192 Weights:", "--------------------------------------------------", "1. SEMANTIC           | Effectiveness: 0.334 | Weight: 0.299", "2. BM25               | Effectiveness: 0.235 | Weight: 0.278", "3. FIELD_SCORE        | Effectiveness: 0.124 | Weight: 0.231", "4. NGRAM              | Effectiveness: 0.029 | Weight: 0.192", "", "Total weight: 1.0000 (must be 1.0000)", "", "Constraints Applied:", "  - Min weight per method: 0.05", "  - Max weight per method: 0.5", "  - All weights normalized to sum = 1.0"], "method_count": 4}, "threshold_used": 0.5, "retrieval_threshold": 0.3, "timestamp": "2026-03-11T10:43:53.957026"}