{
  "weights": [
    0.3428161205947125,
    0.15666374727208782,
    0.17250839834451168,
    0.1436095403012758,
    0.09841697478981665,
    0.08598521869759553
  ],
  "training_data_count": 1,
  "method_performance": {
    "semantic": [
      0.6,
      0.6,
      0.4,
      0.4,
      0.4,
      0.8,
      0.8,
      0.8,
      0.8,
      0.8,
      0.8,
      0.8,
      0.8,
      0.8,
      0.5,
      0.5,
      0.8,
      0.8,
      0.5,
      0.5,
      0.5,
      0.5,
      0.8,
      0.8,
      0.5,
      0.5,
      0.5,
      0.8,
      0.8,
      0.8,
      0.8,
      0.8,
      0.8,
      0.8,
      0.8,
      0.4,
      0.4,
      0.8,
      0.8,
      0.8,
      0.8,
      0.8,
      0.8,
      0.8,
      0.8,
      0.8,
      0.5,
      0.5,
      0.8,
      0.8,
      0.5,
      0.5,
      0.5,
      0.5,
      0.8,
      0.8,
      0.5,
      0.5,
      0.5,
      0.5,
      0.5,
      0.8,
      0.8,
      0.8,
      0.8,
      0.8,
      0.8,
      0.8,
      0.8,
      0.8,
      0.8,
      0.8,
      0.8,
      0.8,
      0.8,
      0.8,
      0.8,
      0.8,
      0.5,
      0.5,
      0.8,
      0.8,
      0.5,
      0.5,
      0.5,
      0.5,
      0.8,
      0.8,
      0.5,
      0.5,
      0.5,
      0.5,
      0.5,
      0.8,
      0.8,
      0.8,
      0.8,
      0.8,
      0.8,
      0.8,
      0.8,
      0.8,
      0.8,
      0.8,
      0.8,
      0.8,
      0.8,
      0.8,
      0.8,
      0.8,
      0.5,
      0.5,
      0.8,
      0.8,
      0.5,
      0.5,
      0.5,
      0.5,
      0.8,
      0.8,
      0.5,
      0.5,
      0.5,
      0.5,
      0.5,
      0.8,
      0.8,
      0.8,
      0.8,
      0.8,
      0.8,
      0.8,
      0.8,
      0.6
    ],
    "lexical": [
      0.4,
      0.4,
      0.6,
      0.6,
      0.6,
      0.6000000000000001,
      0.6000000000000001,
      0.6000000000000001,
      0.6000000000000001,
      0.6000000000000001,
      0.6000000000000001,
      0.6000000000000001,
      0.6000000000000001,
      0.6000000000000001,
      0.6,
      0.6,
      0.6000000000000001,
      0.6000000000000001,
      0.6,
      0.6,
      0.6,
      0.6,
      0.6000000000000001,
      0.6000000000000001,
      0.6,
      0.6,
      0.6,
      0.6000000000000001,
      0.6000000000000001,
      0.6000000000000001,
      0.6000000000000001,
      0.6000000000000001,
      0.6000000000000001,
      0.6000000000000001,
      0.6000000000000001,
      0.6,
      0.6,
      0.6000000000000001,
      0.6000000000000001,
      0.6000000000000001,
      0.6000000000000001,
      0.6000000000000001,
      0.6000000000000001,
      0.6000000000000001,
      0.6000000000000001,
      0.6000000000000001,
      0.6,
      0.6,
      0.6000000000000001,
      0.6000000000000001,
      0.6,
      0.6,
      0.6,
      0.6,
      0.6000000000000001,
      0.6000000000000001,
      0.6,
      0.6,
      0.6,
      0.6,
      0.6,
      0.6000000000000001,
      0.6000000000000001,
      0.6000000000000001,
      0.6000000000000001,
      0.6000000000000001,
      0.6000000000000001,
      0.6000000000000001,
      0.6000000000000001,
      0.6000000000000001,
      0.6000000000000001,
      0.6000000000000001,
      0.6000000000000001,
      0.6000000000000001,
      0.6000000000000001,
      0.6000000000000001,
      0.6000000000000001,
      0.6000000000000001,
      0.6,
      0.6,
      0.6000000000000001,
      0.6000000000000001,
      0.6,
      0.6,
      0.6,
      0.6,
      0.6000000000000001,
      0.6000000000000001,
      0.6,
      0.6,
      0.6,
      0.6,
      0.6,
      0.6000000000000001,
      0.6000000000000001,
      0.6000000000000001,
      0.6000000000000001,
      0.6000000000000001,
      0.6000000000000001,
      0.6000000000000001,
      0.6000000000000001,
      0.6000000000000001,
      0.6000000000000001,
      0.6000000000000001,
      0.6000000000000001,
      0.6000000000000001,
      0.6000000000000001,
      0.6000000000000001,
      0.6000000000000001,
      0.6000000000000001,
      0.6,
      0.6,
      0.6000000000000001,
      0.6000000000000001,
      0.6,
      0.6,
      0.6,
      0.6,
      0.6000000000000001,
      0.6000000000000001,
      0.6,
      0.6,
      0.6,
      0.6,
      0.6,
      0.6000000000000001,
      0.6000000000000001,
      0.6000000000000001,
      0.6000000000000001,
      0.6000000000000001,
      0.6000000000000001,
      0.6000000000000001,
      0.6000000000000001,
      0.4
    ],
    "cross_encoder": [
      0.5,
      0.5,
      0.5,
      0.5,
      0.5,
      0.7,
      0.7,
      0.7,
      0.7,
      0.7,
      0.7,
      0.7,
      0.7,
      0.7,
      0.7,
      0.7,
      0.7,
      0.7,
      0.7,
      0.7,
      0.7,
      0.7,
      0.7,
      0.7,
      0.7,
      0.7,
      0.7,
      0.7,
      0.7,
      0.7,
      0.7,
      0.7,
      0.7,
      0.7,
      0.7,
      0.5,
      0.5,
      0.7,
      0.7,
      0.7,
      0.7,
      0.7,
      0.7,
      0.7,
      0.7,
      0.7,
      0.7,
      0.7,
      0.7,
      0.7,
      0.7,
      0.7,
      0.7,
      0.7,
      0.7,
      0.7,
      0.7,
      0.7,
      0.7,
      0.7,
      0.7,
      0.7,
      0.7,
      0.7,
      0.7,
      0.7,
      0.7,
      0.7,
      0.7,
      0.7,
      0.7,
      0.7,
      0.7,
      0.7,
      0.7,
      0.7,
      0.7,
      0.7,
      0.7,
      0.7,
      0.7,
      0.7,
      0.7,
      0.7,
      0.7,
      0.7,
      0.7,
      0.7,
      0.7,
      0.7,
      0.7,
      0.7,
      0.7,
      0.7,
      0.7,
      0.7,
      0.7,
      0.7,
      0.7,
      0.7,
      0.7,
      0.7,
      0.7,
      0.7,
      0.7,
      0.7,
      0.7,
      0.7,
      0.7,
      0.7,
      0.7,
      0.7,
      0.7,
      0.7,
      0.7,
      0.7,
      0.7,
      0.7,
      0.7,
      0.7,
      0.7,
      0.7,
      0.7,
      0.7,
      0.7,
      0.7,
      0.7,
      0.7,
      0.7,
      0.7,
      0.7,
      0.7,
      0.7,
      0.5
    ],
    "topic": [
      0.30000000000000004,
      0.30000000000000004,
      0.7,
      0.7,
      0.7,
      0.6,
      0.6,
      0.6,
      0.6,
      0.6,
      0.6,
      0.6,
      0.6,
      0.6,
      0.7,
      0.7,
      0.6,
      0.6,
      0.7,
      0.7,
      0.7,
      0.7,
      0.6,
      0.6,
      0.7,
      0.7,
      0.7,
      0.6,
      0.6,
      0.6,
      0.6,
      0.6,
      0.6,
      0.6,
      0.6,
      0.7,
      0.7,
      0.6,
      0.6,
      0.6,
      0.6,
      0.6,
      0.6,
      0.6,
      0.6,
      0.6,
      0.7,
      0.7,
      0.6,
      0.6,
      0.7,
      0.7,
      0.7,
      0.7,
      0.6,
      0.6,
      0.7,
      0.7,
      0.7,
      0.7,
      0.7,
      0.6,
      0.6,
      0.6,
      0.6,
      0.6,
      0.6,
      0.6,
      0.6,
      0.6,
      0.6,
      0.6,
      0.6,
      0.6,
      0.6,
      0.6,
      0.6,
      0.6,
      0.7,
      0.7,
      0.6,
      0.6,
      0.7,
      0.7,
      0.7,
      0.7,
      0.6,
      0.6,
      0.7,
      0.7,
      0.7,
      0.7,
      0.7,
      0.6,
      0.6,
      0.6,
      0.6,
      0.6,
      0.6,
      0.6,
      0.6,
      0.6,
      0.6,
      0.6,
      0.6,
      0.6,
      0.6,
      0.6,
      0.6,
      0.6,
      0.7,
      0.7,
      0.6,
      0.6,
      0.7,
      0.7,
      0.7,
      0.7,
      0.6,
      0.6,
      0.7,
      0.7,
      0.7,
      0.7,
      0.7,
      0.6,
      0.6,
      0.6,
      0.6,
      0.6,
      0.6,
      0.6,
      0.6,
      0.30000000000000004
    ],